{"inputUnits":[63],"outputUnits":5,"inputs":{"0":{"dtype":"number","min":0,"max":0},"1":{"dtype":"number","min":0,"max":0},"2":{"dtype":"number","min":0,"max":0},"3":{"dtype":"number","min":-0.11017376184463501,"max":0.0724610686302185},"4":{"dtype":"number","min":-0.16525214910507202,"max":0.05818796157836914},"5":{"dtype":"number","min":-0.051875555639412596,"max":0.058416425949246786},"6":{"dtype":"number","min":-0.19121050834655762,"max":0.12766484916210175},"7":{"dtype":"number","min":-0.3166844844818115,"max":0.08604317903518677},"8":{"dtype":"number","min":-0.07643984704469631,"max":0.06701936435433709},"9":{"dtype":"number","min":-0.26341497898101807,"max":0.1892096996307373},"10":{"dtype":"number","min":-0.4424399733543396,"max":0.10600513219833374},"11":{"dtype":"number","min":-0.10363815426086376,"max":0.06798229229184471},"12":{"dtype":"number","min":-0.32409214973449707,"max":0.2345704734325409},"13":{"dtype":"number","min":-0.5442689061164856,"max":0.1117430329322815},"14":{"dtype":"number","min":-0.12473209648584316,"max":0.06778970968457543},"15":{"dtype":"number","min":-0.22420679777860641,"max":0.15821853280067444},"16":{"dtype":"number","min":-0.4264082908630371,"max":-0.0989764928817749},"17":{"dtype":"number","min":-0.11387859481624218,"max":0.025388818723286022},"18":{"dtype":"number","min":-0.27989600598812103,"max":0.2514263689517975},"19":{"dtype":"number","min":-0.5983368456363678,"max":0.05601143836975098},"20":{"dtype":"number","min":-0.15614188659242245,"max":0.016770622250760425},"21":{"dtype":"number","min":-0.33376121520996094,"max":0.3038489818572998},"22":{"dtype":"number","min":-0.7048650085926056,"max":0.07301217317581177},"23":{"dtype":"number","min":-0.1595626716618881,"max":0.02014026564684457},"24":{"dtype":"number","min":-0.3824978470802307,"max":0.34686481952667236},"25":{"dtype":"number","min":-0.7932140231132507,"max":0.03315764665603638},"26":{"dtype":"number","min":-0.1793495219204715,"max":0.020144796656040853},"27":{"dtype":"number","min":-0.19985808432102203,"max":0.1697150468826294},"28":{"dtype":"number","min":-0.43409642577171326,"max":-0.10407233238220215},"29":{"dtype":"number","min":-0.13120324361375424,"max":-0.0030232259803568695},"30":{"dtype":"number","min":-0.3334873914718628,"max":0.28296521306037903},"31":{"dtype":"number","min":-0.6264417469501495,"max":0.07952314615249634},"32":{"dtype":"number","min":-0.17136993455937954,"max":-0.001011410653063649},"33":{"dtype":"number","min":-0.415890634059906,"max":0.3562706708908081},"34":{"dtype":"number","min":-0.7438479065895081,"max":0.07680732011795044},"35":{"dtype":"number","min":-0.156031543493782,"max":0.003021148690550035},"36":{"dtype":"number","min":-0.476255863904953,"max":0.40801769495010376},"37":{"dtype":"number","min":-0.8430823385715485,"max":0.03790569305419922},"38":{"dtype":"number","min":-0.1624955784533313,"max":0.00548964512672967},"39":{"dtype":"number","min":-0.2119942307472229,"max":0.1759834885597229},"40":{"dtype":"number","min":-0.40639233589172363,"max":-0.04139268398284912},"41":{"dtype":"number","min":-0.15104482912911976,"max":-0.007444329834015662},"42":{"dtype":"number","min":-0.32107770442962646,"max":0.2640005946159363},"43":{"dtype":"number","min":-0.5859891772270203,"max":0.08922189474105835},"44":{"dtype":"number","min":-0.18185299086621853,"max":0.022750771330265707},"45":{"dtype":"number","min":-0.29306560754776,"max":0.235785573720932},"46":{"dtype":"number","min":-0.6946356892585754,"max":0.08293783664703369},"47":{"dtype":"number","min":-0.15172798383287045,"max":0.053782189922003454},"48":{"dtype":"number","min":-0.2584635019302368,"max":0.20445504784584045},"49":{"dtype":"number","min":-0.7921973168849945,"max":0.03746587038040161},"50":{"dtype":"number","min":-0.13351180266437268,"max":0.07034213720407934},"51":{"dtype":"number","min":-0.21750226616859436,"max":0.17462041974067688},"52":{"dtype":"number","min":-0.34716713428497314,"max":0.03904181718826294},"53":{"dtype":"number","min":-0.1941883697499236,"max":-0.006589534035356337},"54":{"dtype":"number","min":-0.300545334815979,"max":0.23884612321853638},"55":{"dtype":"number","min":-0.46704354882240295,"max":0.09229964017868042},"56":{"dtype":"number","min":-0.20362333798303212,"max":0.029108606936006254},"57":{"dtype":"number","min":-0.2815336585044861,"max":0.22154825925827026},"58":{"dtype":"number","min":-0.5476475954055786,"max":0.08964115381240845},"59":{"dtype":"number","min":-0.17926397764577473,"max":0.059659483568339056},"60":{"dtype":"number","min":-0.2704085409641266,"max":0.251787006855011},"61":{"dtype":"number","min":-0.6256940066814423,"max":0.05254709720611572},"62":{"dtype":"number","min":-0.16508009481481167,"max":0.07910264162865133}},"outputs":{"label":{"dtype":"string","min":0,"max":1,"uniqueValues":["openHand","fist","thumbsUp","DevilsHorns","Peace"],"legend":{"openHand":[1,0,0,0,0],"fist":[0,1,0,0,0],"thumbsUp":[0,0,1,0,0],"DevilsHorns":[0,0,0,1,0],"Peace":[0,0,0,0,1]}}},"isNormalized":true}