{"inputUnits":[63],"outputUnits":5,"inputs":{"0":{"dtype":"number","min":0,"max":0},"1":{"dtype":"number","min":0,"max":0},"2":{"dtype":"number","min":0,"max":0},"3":{"dtype":"number","min":-0.10698789358139038,"max":0.06931257247924805},"4":{"dtype":"number","min":-0.14055263996124268,"max":0.011339306831359863},"5":{"dtype":"number","min":-0.056285279775835306,"max":0.028915408111458873},"6":{"dtype":"number","min":-0.18450826406478882,"max":0.11575061082839966},"7":{"dtype":"number","min":-0.25829243659973145,"max":0.018476903438568115},"8":{"dtype":"number","min":-0.1005708975445998,"max":0.032837479430043004},"9":{"dtype":"number","min":-0.2329370379447937,"max":0.15619182586669922},"10":{"dtype":"number","min":-0.3489390015602112,"max":0.04704540967941284},"11":{"dtype":"number","min":-0.1359177557480109,"max":0.0323567083652847},"12":{"dtype":"number","min":-0.23333704471588135,"max":0.19304049015045166},"13":{"dtype":"number","min":-0.42895951867103577,"max":0.07591521739959717},"14":{"dtype":"number","min":-0.16432586588976505,"max":0.03117881068845918},"15":{"dtype":"number","min":-0.17636486887931824,"max":0.06048583984375},"16":{"dtype":"number","min":-0.33126550912857056,"max":-0.10208010673522949},"17":{"dtype":"number","min":-0.08628521391270283,"max":0.020131268777254796},"18":{"dtype":"number","min":-0.25183939933776855,"max":0.02572762966156006},"19":{"dtype":"number","min":-0.4873253405094147,"max":0.01693516969680786},"20":{"dtype":"number","min":-0.12955041506407383,"max":0.037849416263703084},"21":{"dtype":"number","min":-0.2426552176475525,"max":0.007160067558288574},"22":{"dtype":"number","min":-0.5776075422763824,"max":0.03296858072280884},"23":{"dtype":"number","min":-0.14960977365029748,"max":0.04382978124201653},"24":{"dtype":"number","min":-0.21482667326927185,"max":-0.0032502412796020508},"25":{"dtype":"number","min":-0.6558369398117065,"max":-0.0013467669486999512},"26":{"dtype":"number","min":-0.1666773103619903,"max":0.0445642147737777},"27":{"dtype":"number","min":-0.19317734241485596,"max":0.02572488784790039},"28":{"dtype":"number","min":-0.34053683280944824,"max":-0.09316617250442505},"29":{"dtype":"number","min":-0.08167297669766072,"max":0.01573779737234471},"30":{"dtype":"number","min":-0.25853508710861206,"max":0.05428498983383179},"31":{"dtype":"number","min":-0.5183270573616028,"max":0.034305572509765625},"32":{"dtype":"number","min":-0.11689738460896137,"max":0.0285378817993438},"33":{"dtype":"number","min":-0.2660878300666809,"max":0.06921505928039551},"34":{"dtype":"number","min":-0.6249960660934448,"max":0.023149847984313965},"35":{"dtype":"number","min":-0.12088926929618538,"max":0.023291944764856076},"36":{"dtype":"number","min":-0.31752169132232666,"max":0.08550131320953369},"37":{"dtype":"number","min":-0.7065653502941132,"max":0.0158463716506958},"38":{"dtype":"number","min":-0.13245987195159614,"max":0.01750830119133351},"39":{"dtype":"number","min":-0.19761115312576294,"max":0.0662199854850769},"40":{"dtype":"number","min":-0.31267887353897095,"max":-0.06579959392547607},"41":{"dtype":"number","min":-0.08629797447110832,"max":0.012924664892557836},"42":{"dtype":"number","min":-0.25361236929893494,"max":0.08158326148986816},"43":{"dtype":"number","min":-0.44312191009521484,"max":0.04426020383834839},"44":{"dtype":"number","min":-0.11367076454541802,"max":0.014111557282808995},"45":{"dtype":"number","min":-0.24112850427627563,"max":0.050761520862579346},"46":{"dtype":"number","min":-0.421644926071167,"max":0.030165910720825195},"47":{"dtype":"number","min":-0.12536615184944822,"max":0.012557449057999825},"48":{"dtype":"number","min":-0.21155890822410583,"max":0.04885798692703247},"49":{"dtype":"number","min":-0.47544899582862854,"max":0.014880478382110596},"50":{"dtype":"number","min":-0.12059608153504087,"max":0.012039412051740861},"51":{"dtype":"number","min":-0.19394472241401672,"max":0.10301238298416138},"52":{"dtype":"number","min":-0.26296162605285645,"max":0.005672335624694824},"53":{"dtype":"number","min":-0.10208703625585258,"max":0.010662354767624116},"54":{"dtype":"number","min":-0.24208593368530273,"max":0.11515158414840698},"55":{"dtype":"number","min":-0.3877545893192291,"max":0.04383975267410278},"56":{"dtype":"number","min":-0.11863851366422296,"max":0.012649253249469972},"57":{"dtype":"number","min":-0.23836281895637512,"max":0.1094403862953186},"58":{"dtype":"number","min":-0.4044852554798126,"max":0.03867638111114502},"59":{"dtype":"number","min":-0.11730406485003186,"max":0.01976405387401936},"60":{"dtype":"number","min":-0.24483776092529297,"max":0.1220557689666748},"61":{"dtype":"number","min":-0.4616122245788574,"max":0.03841918706893921},"62":{"dtype":"number","min":-0.11092159948748304,"max":0.02636081656098721}},"outputs":{"label":{"dtype":"string","min":0,"max":1,"uniqueValues":["openHand","fist","thumbsUp","DevilsHorns","Peace"],"legend":{"openHand":[1,0,0,0,0],"fist":[0,1,0,0,0],"thumbsUp":[0,0,1,0,0],"DevilsHorns":[0,0,0,1,0],"Peace":[0,0,0,0,1]}}},"isNormalized":true}